{"train/loss": 693.6376953125, "train/lr": 0.0006039999999999998, "epoch": 21, "train/recon_loss": 692.536865234375, "train/reward_loss": 1.379505874865572e-06, "train/continue_loss": 0.0008791864383965731, "train/dyn_loss": 1.0, "train/rep_loss": 1.0, "_timestamp": 1772334772.7662616, "_runtime": 2143.1633574962616, "_step": 315, "avg reward_1": 0.7018192829810741, "example": {"_type": "video-file", "sha256": "d88d442aa6d96b226e6a85977ea536fcd16a36bbc9f3eaa62892a92bc7a141c9", "size": 49944, "path": "media/videos/example_168_d88d442aa6d96b226e6a.mp4"}}