{"train/loss": 0.00030410976614803076, "train/lr": 2.9800000000000043e-05, "epoch": 50, "train/pose_loss": 0.00030151684768497944, "train/reward_loss": 2.5929305138561176e-06, "_timestamp": 1772312151.561809, "_runtime": 5093.725936174393, "_step": 759, "avg reward_1": 0.6880350871101989, "example": {"_type": "video-file", "sha256": "dd4873c645900f5048747b089af5e385c6ef83c2bb2e9b6776b1931897e12585", "size": 46780, "path": "media/videos/example_624_dd4873c645900f504874.mp4"}, "_wandb": {"runtime": 5093}}