{"train/loss": 0.00026260834420099854, "train/lr": 0.00036639999999999996, "epoch": 33, "train/pose_loss": 0.00021501215815078467, "train/reward_loss": 4.7596196964150295e-05, "_timestamp": 1772067641.4722648, "_runtime": 9885.81251168251, "_step": 497, "avg reward_1": 0.7718585618725169, "example": {"_type": "video-file", "sha256": "3eecc9bae06ca6dc24150357b93d34dbc0ea38f42e92f15226a2c51dd7189665", "size": 65043, "path": "media/videos/example_472_3eecc9bae06ca6dc2415.mp4"}, "_wandb": {"runtime": 9904}}