{"train/loss": 0.006453097332268953, "train/lr": 2.9800000000000043e-05, "epoch": 50, "train/pose_loss": 0.00016692874487489462, "train/reward_loss": 0.006286168470978737, "_timestamp": 1772332617.152034, "_runtime": 5098.4894371032715, "_step": 759, "avg reward_1": 0.5519208935549212, "example": {"_type": "video-file", "sha256": "81bd4cb994532a68d09b81be7bfcb12768314da97745ea72f87d124ca3e9504f", "size": 80572, "path": "media/videos/example_624_81bd4cb994532a68d09b.mp4"}, "_wandb": {"runtime": 5098}}