{"train/loss": 0.0003313729539513588, "train/lr": 2.9800000000000043e-05, "epoch": 50, "train/pose_loss": 0.0002940990962088108, "train/reward_loss": 3.72738650185056e-05, "_timestamp": 1772467663.079297, "_runtime": 6064.505654096603, "_step": 759, "avg reward_1": 0.6881084400640562, "example": {"_type": "video-file", "sha256": "6d7dd79b2e605f7a1b3d0f3caf75b03acb2d711dcd11eaff251b5779c8ceb4a1", "size": 45850, "path": "media/videos/example_624_6d7dd79b2e605f7a1b3d.mp4"}, "_wandb": {"runtime": 6063}}