{"train/loss": 1.1971906423568726, "train/lr": 0.00020800000000000012, "epoch": 81, "train/recon_loss": 0.09711357951164246, "train/reward_loss": 1.7034810298355296e-05, "train/continue_loss": 6.0058322560507804e-05, "train/dyn_loss": 1.0, "train/rep_loss": 1.0, "_timestamp": 1772497108.5025997, "_runtime": 9687.8487906456, "_step": 1230, "avg reward_1": 0.6143884830842317, "example": {"_type": "video-file", "sha256": "691b48cd1ad1189fdaafef08dbc57e5ef27c103928419451dc279475bac267a4", "size": 39599, "path": "media/videos/example_1080_691b48cd1ad1189fdaaf.mp4"}}