{"train/loss": 595.0728149414062, "train/lr": 0.0005643999999999998, "epoch": 23, "train/recon_loss": 593.9725341796875, "train/reward_loss": 3.3193900890182704e-06, "train/continue_loss": 0.0003019865835085511, "train/dyn_loss": 1.0, "train/rep_loss": 1.0, "_timestamp": 1772134537.2089229, "_runtime": 11826.634324789047, "_step": 347, "avg reward_1": 0.6893759659861841, "example": {"_type": "video-file", "sha256": "74c12ce139cf453927db7cddca4600c12612b02be15bf68b8565bd3b7850aa33", "size": 57192, "path": "media/videos/example_320_74c12ce139cf453927db.mp4"}}