{"train/loss": 576.791015625, "train/lr": 2.9800000000000043e-05, "epoch": 50, "train/recon_loss": 575.6904296875, "train/reward_loss": 3.353766942382208e-06, "train/continue_loss": 0.0006169758853502572, "train/dyn_loss": 1.0, "train/rep_loss": 1.0, "_timestamp": 1772473898.7975621, "_runtime": 6219.554876089096, "_step": 759, "avg reward_1": 0.4864986096883893, "example": {"_type": "video-file", "sha256": "f516a21660af86c87d2f146a60563af50dc6f94e39e7cf3067aa588112abde0a", "size": 25791, "path": "media/videos/example_624_f516a21660af86c87d2f.mp4"}, "_wandb": {"runtime": 6219}}