{"train/loss": 575.5447998046875, "train/lr": 2.9800000000000043e-05, "epoch": 50, "train/recon_loss": 574.337646484375, "train/reward_loss": 0.012480883859097958, "train/continue_loss": 0.09471142292022705, "train/dyn_loss": 1.0, "train/rep_loss": 1.0, "_timestamp": 1772368139.8196056, "_runtime": 6749.70144867897, "_step": 759, "avg reward_1": 0.3720110157827091, "example": {"_type": "video-file", "sha256": "36d97245bfdf049f324ec17481720c2a305861e78eb8789979f59a2bb8dbe690", "size": 24742, "path": "media/videos/example_624_36d97245bfdf049f324e.mp4"}, "_wandb": {"runtime": 6749}}