{"train/loss": 0.0008402273524552584, "train/lr": 0.0008515000000000002, "epoch": 16, "train/pose_loss": 0.0007813232368789613, "train/reward_loss": 5.890412285225466e-05, "_timestamp": 1771618781.7721097, "_runtime": 5292.621899843216, "_step": 240, "avg reward_0": 0.7088806839207992, "example": {"_type": "video-file", "sha256": "9957f57e109f4082ead3503884efb3264c0c4b08501a092dcddabec965877377", "size": 46180, "path": "media/videos/example_168_9957f57e109f4082ead3.mp4"}}