{"train/loss": 0.00030811087344773114, "train/lr": 2.9800000000000043e-05, "epoch": 50, "train/pose_loss": 0.00030532205710187554, "train/reward_loss": 2.7888202112080762e-06, "_timestamp": 1772008101.0980983, "_runtime": 18325.78582239151, "_step": 759, "avg reward_1": 0.8006904282200246, "example": {"_type": "video-file", "sha256": "5438aa5f7212f1975870086da4e6e025f59b4d98d36680c057b1e0dfdd779c24", "size": 68515, "path": "media/videos/example_624_5438aa5f7212f1975870.mp4"}, "_wandb": {"runtime": 18325}}