{"train/loss": 0.00021156251023057848, "train/lr": 2.9800000000000043e-05, "epoch": 50, "train/pose_loss": 0.00020599589333869517, "train/reward_loss": 5.5666132539045066e-06, "_timestamp": 1772327507.0186288, "_runtime": 5097.057087898254, "_step": 759, "avg reward_1": 0.730468814676081, "example": {"_type": "video-file", "sha256": "abb4266db0adc97b03944aa3ef162bece68f58b4a74eeaf9e246a6dba885bd11", "size": 72633, "path": "media/videos/example_624_abb4266db0adc97b0394.mp4"}, "_wandb": {"runtime": 5096}}