{"train/loss": 0.00022444875503424555, "train/lr": 2.9800000000000043e-05, "epoch": 50, "train/pose_loss": 0.00022165656264405698, "train/reward_loss": 2.792191935441224e-06, "_timestamp": 1772322397.8025262, "_runtime": 5107.241160154343, "_step": 759, "avg reward_1": 0.4630611975789952, "example": {"_type": "video-file", "sha256": "516c8fc343f432d7e0798a86345283be0f36e4f69d4000786729c0edb14ed792", "size": 28995, "path": "media/videos/example_624_516c8fc343f432d7e079.mp4"}, "_wandb": {"runtime": 5106}}