{"train/loss": 0.00040649823495186865, "train/lr": 0.0005841999999999998, "epoch": 22, "train/pose_loss": 0.00036875411751680076, "train/reward_loss": 3.774412834900431e-05, "_timestamp": 1772163335.4599683, "_runtime": 10561.213849306107, "_step": 335, "avg reward_1": 0.7251941919612164, "example": {"_type": "video-file", "sha256": "65330d37367204de1a094826bb2f1feab52300fe60255a2e452a6035ef730437", "size": 44338, "path": "media/videos/example_320_65330d37367204de1a09.mp4"}}