{"train/loss": 556.1578369140625, "train/lr": 2.9800000000000043e-05, "epoch": 50, "train/recon_loss": 555.0028076171875, "train/reward_loss": 0.006240502931177616, "train/continue_loss": 0.04883461818099022, "train/dyn_loss": 1.0, "train/rep_loss": 1.0, "_timestamp": 1772381526.4981155, "_runtime": 6734.948860645294, "_step": 759, "avg reward_1": 0.3611929550368157, "example": {"_type": "video-file", "sha256": "9f268d7a081b4579889d8a178ec4615be55959589ee981bc6a65000b3e90800f", "size": 23318, "path": "media/videos/example_624_9f268d7a081b4579889d.mp4"}, "_wandb": {"runtime": 6734}}