{"train/loss": 0.00013769384531769902, "train/lr": 2.9800000000000043e-05, "epoch": 50, "train/pose_loss": 0.00012905910261906683, "train/reward_loss": 8.634739970148075e-06, "_timestamp": 1772317276.9749308, "_runtime": 5110.756651878357, "_step": 759, "avg reward_1": 0.6512563626668255, "example": {"_type": "video-file", "sha256": "66d30b0dadee8485f21c20ad3561c589bd9b75c514c65c31887ec862f6af2d41", "size": 85697, "path": "media/videos/example_624_66d30b0dadee8485f21c.mp4"}, "_wandb": {"runtime": 5109}}