{"train/loss": 0.00040053369593806565, "train/lr": 2.9800000000000043e-05, "epoch": 50, "train/pose_loss": 0.00039168616058304906, "train/reward_loss": 8.847539902490098e-06, "_timestamp": 1772289917.3704543, "_runtime": 20766.534125328064, "_step": 759, "avg reward_1": 0.5362921871799541, "example": {"_type": "video-file", "sha256": "422c6e62656a518d5455aa4e3ea343b40e3bd22cc924058b67cce3b8aa303f53", "size": 67136, "path": "media/videos/example_624_422c6e62656a518d5455.mp4"}, "_wandb": {"runtime": 20765}}