{"train/loss": 0.14226040244102478, "train/lr": 0.0009802, "epoch": 2, "train/pose_loss": 0.14183196425437927, "train/reward_loss": 0.0004284439201001078, "_timestamp": 1771989703.759142, "_runtime": 538.9849510192871, "_step": 19, "avg reward_1": 0.6241952979044791, "example": {"_type": "video-file", "sha256": "b037c0ecbc036b519cf2ad204a34bdf8eeaf5ef14308cfc66b4d9ea07987e99e", "size": 67992, "path": "media/videos/example_16_b037c0ecbc036b519cf2.mp4"}, "_wandb": {"runtime": 555}}