{"train/loss": 1.1863718032836914, "train/lr": 2.9800000000000043e-05, "epoch": 50, "train/recon_loss": 0.08572724461555481, "train/reward_loss": 1.1055751201638486e-05, "train/continue_loss": 0.0006334457430057228, "train/dyn_loss": 1.0, "train/rep_loss": 1.0, "_timestamp": 1772487407.8209686, "_runtime": 6192.815472602844, "_step": 759, "avg reward_1": 0.4951153183236594, "example": {"_type": "video-file", "sha256": "9cf045c0a984221f94e9109ae3d98966bbc9a56691fa3d1d3f2b9b5c2385561f", "size": 29770, "path": "media/videos/example_624_9cf045c0a984221f94e9.mp4"}, "_wandb": {"runtime": 6192}}