{"train/loss": 0.00034998077899217606, "train/lr": 2.9800000000000043e-05, "epoch": 50, "train/pose_loss": 0.00033530223299749196, "train/reward_loss": 1.4678533261758275e-05, "_timestamp": 1772307044.069053, "_runtime": 5101.875675916672, "_step": 759, "avg reward_1": 0.7286380385440883, "example": {"_type": "video-file", "sha256": "523ef7584f250b96b72c77214bf42342b336e1add58b5dc6cb8c5fefdc3cb33c", "size": 54356, "path": "media/videos/example_624_523ef7584f250b96b72c.mp4"}, "_wandb": {"runtime": 5101}}