{"train/loss": 0.001667844015173614, "train/lr": 0.0007426, "epoch": 14, "train/pose_loss": 0.0016367870848625898, "train/reward_loss": 3.1056984880706295e-05, "_timestamp": 1772073427.8092763, "_runtime": 4495.227487325668, "_step": 211, "avg reward_1": 0.5917703751597476, "example": {"_type": "video-file", "sha256": "992b72df4697a497f7b7f4974757c6427fad8668cb9d7c807be2226e8bae4de5", "size": 47020, "path": "media/videos/example_168_992b72df4697a497f7b7.mp4"}}