{"train/loss": 533.51611328125, "train/lr": 2.9800000000000043e-05, "epoch": 50, "train/recon_loss": 532.4154052734375, "train/reward_loss": 8.354693932233204e-07, "train/continue_loss": 0.0007365215569734573, "train/dyn_loss": 1.0, "train/rep_loss": 1.0, "_timestamp": 1772374776.3927045, "_runtime": 6622.334324598312, "_step": 759, "avg reward_1": 0.4162603876454891, "example": {"_type": "video-file", "sha256": "5700a605b32e968dde55bd28c665a788e21a696ab6be1469fcdbb57dbc71dad2", "size": 26682, "path": "media/videos/example_624_5700a605b32e968dde55.mp4"}, "_wandb": {"runtime": 6622}}