{"train/loss": 1.100296139717102, "train/lr": 0.001, "epoch": 1, "train/pose_loss": 1.097087025642395, "train/reward_loss": 0.0032091056928038597, "_timestamp": 1771613367.0516365, "_runtime": 66.59812545776367, "_step": 2}